{"cameraMode":{"drawMode":0,"name":"Shaded","section":"Shading Mode"},"sceneLighting":true,"audioPlay":false,"sceneViewState":{"showFog":true,"showMaterialUpdate":false,"showSkybox":false,"showFlares":true,"showImageEffects":true,"showParticleSystems":true},"in2DMode":false,"pivot":{"x":-0.1684436798095703,"y":0.05788064002990723,"z":1.0226445198059083},"rotation":{"x":-0.07650942355394364,"y":-0.718428909778595,"z":0.08011419326066971,"w":-0.686802327632904},"size":2.10235595703125,"orthographic":true}