{"cameraMode":{"drawMode":0,"name":"Shaded","section":"Shading Mode"},"sceneLighting":true,"audioPlay":false,"sceneViewState":{"showFog":true,"showMaterialUpdate":false,"showSkybox":false,"showFlares":true,"showImageEffects":true,"showParticleSystems":true},"in2DMode":false,"pivot":{"x":861.47998046875,"y":202.72998046875,"z":533.4000244140625},"rotation":{"x":-0.09628942608833313,"y":0.8475275635719299,"z":-0.164750337600708,"w":-0.4952920973300934},"size":1212.435546875,"orthographic":true}