{"cameraMode":{"drawMode":0,"name":"Shaded","section":"Shading Mode"},"sceneLighting":false,"audioPlay":false,"sceneViewState":{"showFog":true,"showMaterialUpdate":false,"showSkybox":false,"showFlares":true,"showImageEffects":true,"showParticleSystems":true},"in2DMode":false,"pivot":{"x":0.0,"y":0.00003074482083320618,"z":-9.313225746154785e-9},"rotation":{"x":-0.14886482059955598,"y":-0.8496831059455872,"z":0.3300877809524536,"w":-0.38345298171043398},"size":0.007279100827872753,"orthographic":true}