{"cameraMode":{"drawMode":0,"name":"Shaded","section":"Shading Mode"},"sceneLighting":false,"audioPlay":false,"sceneViewState":{"showFog":true,"showMaterialUpdate":false,"showSkybox":false,"showFlares":true,"showImageEffects":true,"showParticleSystems":true},"in2DMode":false,"pivot":{"x":-0.000244140625,"y":0.00000762939453125,"z":0.00177001953125},"rotation":{"x":0.07350187748670578,"y":-0.2743101716041565,"z":0.020954515784978868,"w":0.9586597084999085},"size":0.10409492254257202,"orthographic":true}