{"cameraMode":{"drawMode":0,"name":"Shaded","section":"Shading Mode"},"sceneLighting":false,"audioPlay":false,"sceneViewState":{"showFog":true,"showMaterialUpdate":false,"showSkybox":false,"showFlares":true,"showImageEffects":true,"showParticleSystems":true},"in2DMode":false,"pivot":{"x":-3.748573362827301e-8,"y":0.00038786139339208603,"z":-4.0279701352119449e-8},"rotation":{"x":-0.05897233635187149,"y":-0.5943373441696167,"z":0.0437663197517395,"w":-0.8009292483329773},"size":0.020165320485830308,"orthographic":true}