{"cameraMode":{"drawMode":0,"name":"Shaded","section":"Shading Mode"},"sceneLighting":true,"audioPlay":false,"sceneViewState":{"showFog":true,"showMaterialUpdate":false,"showSkybox":true,"showFlares":true,"showImageEffects":true,"showParticleSystems":true},"in2DMode":false,"pivot":{"x":188.01895141601563,"y":205.08407592773438,"z":-248.73175048828126},"rotation":{"x":0.22377806901931764,"y":0.49631577730178835,"z":-0.134241983294487,"w":0.8280426263809204},"size":10.0,"orthographic":true}