{"cameraMode":{"drawMode":0,"name":"Shaded","section":"Shading Mode"},"sceneLighting":false,"audioPlay":false,"sceneViewState":{"showFog":true,"showMaterialUpdate":false,"showSkybox":false,"showFlares":true,"showImageEffects":true,"showParticleSystems":true},"in2DMode":false,"pivot":{"x":0.0000023245811462402345,"y":0.3462672233581543,"z":0.001199483871459961},"rotation":{"x":-0.18346776068210603,"y":-0.003836371237412095,"z":0.0007814173586666584,"w":-0.9830982089042664},"size":1.2698370218276978,"orthographic":true}