{"cameraMode":{"drawMode":0,"name":"Shaded","section":"Shading Mode"},"sceneLighting":true,"audioPlay":false,"sceneViewState":{"showFog":true,"showMaterialUpdate":false,"showSkybox":true,"showFlares":true,"showImageEffects":true,"showParticleSystems":true},"in2DMode":false,"pivot":{"x":188.0,"y":205.0855712890625,"z":-249.1786651611328},"rotation":{"x":-0.21014811098575593,"y":-0.3989380896091461,"z":0.09451737254858017,"w":-0.8876211047172546},"size":12.028308868408204,"orthographic":true}