{"cameraMode":{"drawMode":0,"name":"Shaded","section":"Shading Mode"},"sceneLighting":true,"audioPlay":false,"sceneViewState":{"showFog":false,"showMaterialUpdate":true,"showSkybox":true,"showFlares":true,"showImageEffects":true,"showParticleSystems":true},"in2DMode":false,"pivot":{"x":976.7998657226563,"y":248.318115234375,"z":-141.35488891601563},"rotation":{"x":0.18056242167949677,"y":0.8187031149864197,"z":-0.3659234046936035,"w":0.4040343463420868},"size":2.4437007904052736,"orthographic":false}