{"cameraMode":{"drawMode":0,"name":"Shaded","section":"Shading Mode"},"sceneLighting":true,"audioPlay":false,"sceneViewState":{"showFog":false,"showMaterialUpdate":true,"showSkybox":false,"showFlares":true,"showImageEffects":true,"showParticleSystems":true},"in2DMode":false,"pivot":{"x":957.5,"y":538.2789306640625,"z":1.0226445198059083},"rotation":{"x":-0.11678751558065415,"y":-0.7549383044242859,"z":0.13995857536792756,"w":-0.6299538612365723},"size":1104.48193359375,"orthographic":false}