{"cameraMode":{"drawMode":0,"name":"Shaded","section":"Shading Mode"},"sceneLighting":false,"audioPlay":false,"sceneViewState":{"showFog":false,"showMaterialUpdate":true,"showSkybox":false,"showFlares":true,"showImageEffects":true,"showParticleSystems":true},"in2DMode":false,"pivot":{"x":226.00143432617188,"y":197.9545135498047,"z":-249.01657104492188},"rotation":{"x":-0.18041476607322694,"y":0.7452943325042725,"z":-0.22346891462802888,"w":-0.6017040610313416},"size":1.2603968381881714,"orthographic":false}