{"cameraMode":{"drawMode":0,"name":"Shaded","section":"Shading Mode"},"sceneLighting":true,"audioPlay":false,"sceneViewState":{"showFog":false,"showMaterialUpdate":true,"showSkybox":true,"showFlares":true,"showImageEffects":true,"showParticleSystems":true},"in2DMode":false,"pivot":{"x":-94.54241943359375,"y":-187.23068237304688,"z":488.5035705566406},"rotation":{"x":-0.24137426912784577,"y":0.6860279440879822,"z":-0.26081833243370058,"w":-0.6348844766616821},"size":424.0978698730469,"orthographic":false}