{"cameraMode":{"drawMode":0,"name":"Shaded","section":"Shading Mode"},"sceneLighting":true,"audioPlay":false,"sceneViewState":{"showFog":false,"showMaterialUpdate":true,"showSkybox":true,"showFlares":true,"showImageEffects":true,"showParticleSystems":true},"in2DMode":false,"pivot":{"x":831.3208618164063,"y":521.5507202148438,"z":157.3277587890625},"rotation":{"x":-0.18707388639450074,"y":0.7531906366348267,"z":-0.24194034934043885,"w":-0.5823845267295837},"size":588.9695434570313,"orthographic":false}